file,backend,status,dataset,reason
large-dask.json,dask,completed,large.parquet,
large-joblib-pandas.json,joblib-pandas,completed,large.parquet,
large-pandas.json,pandas,completed,large.parquet,
medium-dask.json,dask,completed,medium.parquet,
medium-joblib-pandas.json,joblib-pandas,completed,medium.parquet,
medium-pandas.json,pandas,completed,medium.parquet,
small-dask.json,dask,completed,small.parquet,
small-joblib-pandas.json,joblib-pandas,completed,small.parquet,
small-pandas.json,pandas,completed,small.parquet,
