dataset,mode,operation,backend,median_seconds,min_seconds,max_seconds,repeats
large,filtered,count,dask,0.032663963000004514,0.03194960899998023,0.03720759899999848,3
large,filtered,count,joblib-pandas,0.02721047299996826,0.026727800999992724,0.05322038400004203,3
large,filtered,count,pandas,0.009134123000080763,0.008997210999950767,0.009817841999961274,3
large,filtered,count_index,dask,0.030408438999984355,0.029714508999973077,0.030940299000008054,3
large,filtered,count_index,joblib-pandas,0.027209860999960256,0.02686326100001679,0.027241008000032707,3
large,filtered,count_index,pandas,0.009221461000038289,0.008965104000026258,0.010970646000032502,3
large,filtered,groupby,dask,0.05582725900001151,0.053221970999970836,0.06588885599990135,3
large,filtered,groupby,joblib-pandas,0.03414582299990343,0.031395877000022665,0.036297804000014366,3
large,filtered,groupby,pandas,0.01872565099995427,0.017788182999993296,0.02173858499998005,3
large,filtered,join,dask,0.05240620199992918,0.05223700599992753,0.053772387999970306,3
large,filtered,join,joblib-pandas,0.03262499100003424,0.027759396999954333,0.040412167999988924,3
large,filtered,join,pandas,0.014276568000013867,0.010741825000081917,0.016436538999982986,3
large,filtered,join_count,dask,0.0401543349998974,0.03772616900005232,0.04313665799998034,3
large,filtered,join_count,joblib-pandas,0.0275408500000367,0.02686019599991596,0.028354870999919513,3
large,filtered,join_count,pandas,0.010226089000070715,0.010044891000006828,0.01048574699996152,3
large,filtered,mean,dask,0.03255711600002087,0.031754965999994056,0.041152929000077165,3
large,filtered,mean,joblib-pandas,0.02693225699999857,0.026376893000019663,0.027350729000090723,3
large,filtered,mean,pandas,0.009728369999947972,0.008904424000093059,0.013327043000003869,3
large,filtered,mean_product,dask,0.031083270000067387,0.030960397999933775,0.0317484309999827,3
large,filtered,mean_product,joblib-pandas,0.02764335500000925,0.027233711999997468,0.029059444999916195,3
large,filtered,mean_product,pandas,0.01098064699999668,0.01018957999997383,0.01231920700001865,3
large,filtered,mean_sum,dask,0.03319240500002252,0.03170048099991618,0.03475282599993079,3
large,filtered,mean_sum,joblib-pandas,0.027165852000052837,0.027067752999982986,0.029054554000026656,3
large,filtered,mean_sum,pandas,0.010598598999990827,0.009391061999963313,0.01062810200005515,3
large,filtered,product_columns,dask,0.029677723999952832,0.027575339999998505,0.03131461600003149,3
large,filtered,product_columns,joblib-pandas,0.026539812999999413,0.026347109999960594,0.02813823600001797,3
large,filtered,product_columns,pandas,0.009673307999946701,0.00966450500004612,0.01149924200001351,3
large,filtered,std,dask,0.029500222000024223,0.028496939999968163,0.035434875000078137,3
large,filtered,std,joblib-pandas,0.027951817000030132,0.027809141000034288,0.028733743999964645,3
large,filtered,std,pandas,0.012248777999957383,0.009633420000000115,0.01638100200000281,3
large,filtered,sum_columns,dask,0.03338988599989534,0.030517058999976143,0.033771864999948775,3
large,filtered,sum_columns,joblib-pandas,0.027489539000043806,0.02693013400005384,0.02751757099997576,3
large,filtered,sum_columns,pandas,0.010765379999952529,0.009866273000056935,0.01549126999998407,3
large,filtered,value_counts,dask,0.04950288400004865,0.04149294000001191,0.049628761000008126,3
large,filtered,value_counts,joblib-pandas,0.027543239000010544,0.027188413999965633,0.02937352699996154,3
large,filtered,value_counts,pandas,0.009238366999966274,0.009071972000015194,0.01060753100000511,3
large,filtered_cached,count,dask,0.003204411999945478,0.003109492000021419,0.0034511359999669367,3
large,filtered_cached,count,joblib-pandas,9.253000030184921e-06,8.632999993096746e-06,9.524000006422284e-06,3
large,filtered_cached,count,pandas,6.149000000732485e-06,4.888000034952711e-06,6.59900001664937e-06,3
large,filtered_cached,count_index,dask,0.0033006140000679807,0.0030918960000008155,0.004411769000057575,3
large,filtered_cached,count_index,joblib-pandas,9.874999932435458e-06,9.714999919196998e-06,1.0175000056733552e-05,3
large,filtered_cached,count_index,pandas,6.5089999452538905e-06,6.5000000404324965e-06,9.0739999905054e-06,3
large,filtered_cached,groupby,dask,0.034521815000061906,0.033100877000038054,0.03505850800002008,3
large,filtered_cached,groupby,joblib-pandas,0.005436310000050071,0.005398214000024382,0.005669163999982629,3
large,filtered_cached,groupby,pandas,0.00446615800001382,0.004304007999962778,0.004658081000002312,3
large,filtered_cached,join,dask,0.014790756000024885,0.013958083000034094,0.015254115999937312,3
large,filtered_cached,join,joblib-pandas,0.0016109769999275159,0.0012242160000823787,0.0016143020000072283,3
large,filtered_cached,join,pandas,0.0011965850000024147,0.001056087999927513,0.0013519639999231003,3
large,filtered_cached,join_count,dask,0.018301963999988402,0.01622280000003684,0.02148944400005348,3
large,filtered_cached,join_count,joblib-pandas,0.0014431790000344336,0.0013436029998956656,0.0014567489999990357,3
large,filtered_cached,join_count,pandas,0.0009200270000064847,0.0008915449999449265,0.0009565509999447386,3
large,filtered_cached,mean,dask,0.005951115000016216,0.005640596000034748,0.006994863999921108,3
large,filtered_cached,mean,joblib-pandas,0.00025762999996459257,0.0002480260000083945,0.0002690069999289335,3
large,filtered_cached,mean,pandas,0.00021830200000749755,0.0001954580000074202,0.0002431780000051731,3
large,filtered_cached,mean_product,dask,0.013385567000000265,0.013011796000000686,0.016510000000039327,3
large,filtered_cached,mean_product,joblib-pandas,0.0005031919999964884,0.0004506349999928716,0.0005057260000285169,3
large,filtered_cached,mean_product,pandas,0.0003936299999622861,0.00038292499993985984,0.00043047499991644145,3
large,filtered_cached,mean_sum,dask,0.012787201999913123,0.011268158999996558,0.014724342000022261,3
large,filtered_cached,mean_sum,joblib-pandas,0.0004450159999578318,0.000436063000051945,0.0004463680000981185,3
large,filtered_cached,mean_sum,pandas,0.00033435299997108814,0.0003294050000022253,0.00035598499994193844,3
large,filtered_cached,product_columns,dask,0.009313486999985798,0.00920182200002273,0.010123774000021513,3
large,filtered_cached,product_columns,joblib-pandas,0.0004714450000165016,0.00032784400002583425,0.0013224010000385533,3
large,filtered_cached,product_columns,pandas,0.00024179599995477474,0.00022572299997136724,0.0002466339999500633,3
large,filtered_cached,std,dask,0.006170527999984188,0.00572526000007656,0.006781392999982927,3
large,filtered_cached,std,joblib-pandas,0.0005605669999795282,0.0005490000000918371,0.0013658249999934924,3
large,filtered_cached,std,pandas,0.0005295309999837627,0.0005106329999762238,0.0005476579999594833,3
large,filtered_cached,sum_columns,dask,0.008986945999936324,0.00896126700001787,0.009126221000087753,3
large,filtered_cached,sum_columns,joblib-pandas,0.0003454899999724148,0.00028552099990974966,0.0003608619999795337,3
large,filtered_cached,sum_columns,pandas,0.0002387130000442994,0.00022099600005276443,0.00026508099995226075,3
large,filtered_cached,value_counts,dask,0.042935383999974874,0.0419356779999589,0.04416504900007112,3
large,filtered_cached,value_counts,joblib-pandas,0.0011243079999303518,0.0010297489999402387,0.001343462000022555,3
large,filtered_cached,value_counts,pandas,0.0009446429999115935,0.0009269470000390356,0.0011863800000355695,3
large,standard,count,dask,0.005728216999955293,0.005216481000047679,0.005861544000026697,3
large,standard,count,joblib-pandas,0.025097185999925387,0.024091165999948316,0.031614819000083116,3
large,standard,count,pandas,0.011790296000071976,0.006685911999966265,0.012148289000037948,3
large,standard,count_index,dask,0.01872047400001975,0.018508330000031492,0.024021010999945247,3
large,standard,count_index,joblib-pandas,0.024573142000008374,0.023746778000031554,0.024628544999927726,3
large,standard,count_index,pandas,0.008025342999985696,0.006595532999995157,0.009840288999953373,3
large,standard,groupby,dask,0.05147643500004051,0.049452525999981845,0.05213420600000518,3
large,standard,groupby,joblib-pandas,0.033815030000027946,0.033705758999985846,0.03465462400004071,3
large,standard,groupby,pandas,0.015825693000010688,0.014399519999983568,0.026837386000011065,3
large,standard,join,dask,0.042002036999974734,0.03895978700006708,0.046570661999908225,3
large,standard,join,joblib-pandas,0.025490090000062082,0.025343474000010247,0.025996101000032468,3
large,standard,join,pandas,0.008713402000012138,0.008180726999967192,0.00925009399998089,3
large,standard,join_count,dask,0.027962970999965364,0.026526140999976633,0.02983248199996069,3
large,standard,join_count,joblib-pandas,0.02597956600004636,0.025557971000012003,0.026401063999969665,3
large,standard,join_count,pandas,0.012868763000028594,0.00808892600002764,0.013137523999944278,3
large,standard,mean,dask,0.026929314999961207,0.02660031400000662,0.027671685999962392,3
large,standard,mean,joblib-pandas,0.024837997999952677,0.02472032399998625,0.025423767000006592,3
large,standard,mean,pandas,0.010077960999979041,0.007458145999976296,0.014966085999958523,3
large,standard,mean_product,dask,0.028270441000017854,0.027744103000031828,0.02907847899996341,3
large,standard,mean_product,joblib-pandas,0.02560690200004956,0.02509000499992453,0.025983096999993904,3
large,standard,mean_product,pandas,0.0072432340000432305,0.007019002999982149,0.013036579000072379,3
large,standard,mean_sum,dask,0.028073034000044572,0.026710112000046138,0.028108084999985294,3
large,standard,mean_sum,joblib-pandas,0.02524625000000924,0.024772901999995156,0.027156168000033176,3
large,standard,mean_sum,pandas,0.01295820799998637,0.007416390000003048,0.020853766999948675,3
large,standard,product_columns,dask,0.024735006000014437,0.024657301000047482,0.026684994999982337,3
large,standard,product_columns,joblib-pandas,0.02648767699997734,0.024926808000031997,0.026773603000037838,3
large,standard,product_columns,pandas,0.01828663499998129,0.01372200100001919,0.0266623330001039,3
large,standard,read_collect,dask,0.04870241799994801,0.045215020999989974,0.05104568800004472,3
large,standard,read_collect,joblib-pandas,0.026714381999909165,0.025618163999979515,0.03594240300003548,3
large,standard,read_collect,pandas,0.007236083999941911,0.007168544000023758,0.008114199000033295,3
large,standard,std,dask,0.02444663100004618,0.0242679059999773,0.03198683199991592,3
large,standard,std,joblib-pandas,0.025443326000072375,0.02517729800001689,0.047316664999925706,3
large,standard,std,pandas,0.006569670999965638,0.0064832829999659225,0.007568453999965641,3
large,standard,sum_columns,dask,0.02807538799993381,0.024373512000011033,0.029603303000044434,3
large,standard,sum_columns,joblib-pandas,0.025104571000042597,0.024423851999927138,0.03818494600000122,3
large,standard,sum_columns,pandas,0.0268503460000602,0.019178093999926205,0.039602792999971825,3
large,standard,value_counts,dask,0.03809938599999896,0.03789583599996149,0.0389120660000799,3
large,standard,value_counts,joblib-pandas,0.02634446999991269,0.026281036999989738,0.026436541999942165,3
large,standard,value_counts,pandas,0.008767758999965736,0.008292822999919736,0.021346187000062855,3
medium,filtered,count,dask,0.017247176999944713,0.016364292999924146,0.023369011999989198,3
medium,filtered,count,joblib-pandas,0.014863935999983369,0.013839315000041097,0.01618171000006896,3
medium,filtered,count,pandas,0.005168875000094886,0.005076938999991398,0.00539464799999223,3
medium,filtered,count_index,dask,0.0169697169999381,0.016734279000047536,0.017493139999942287,3
medium,filtered,count_index,joblib-pandas,0.015329286999985925,0.015307751000023018,0.015474271000016415,3
medium,filtered,count_index,pandas,0.005292487000019719,0.004936993000001166,0.006508691000021827,3
medium,filtered,groupby,dask,0.04369761300006303,0.03955630799998744,0.05884859599996162,3
medium,filtered,groupby,joblib-pandas,0.016015058999983012,0.015657031000046118,0.018514850999963528,3
medium,filtered,groupby,pandas,0.007243425000069692,0.007088326000030065,0.008068711999953848,3
medium,filtered,join,dask,0.02187024299996665,0.021642823000092903,0.022632128000054763,3
medium,filtered,join,joblib-pandas,0.015217192000022806,0.014645284000039283,0.015223826999999801,3
medium,filtered,join,pandas,0.006280184000047484,0.005857960999946954,0.013277711000000636,3
medium,filtered,join_count,dask,0.03157779700006813,0.02547338299996227,0.03238359199997376,3
medium,filtered,join_count,joblib-pandas,0.014804669000000104,0.014355656000020645,0.015500574999919081,3
medium,filtered,join_count,pandas,0.008957692999956635,0.007494925999935731,0.009440250000011474,3
medium,filtered,mean,dask,0.018656988999964597,0.018397101000005023,0.02815097699999569,3
medium,filtered,mean,joblib-pandas,0.014427517000058288,0.013971870000091258,0.016067200999941633,3
medium,filtered,mean,pandas,0.005217291000008117,0.004825047000053928,0.005989075000002231,3
medium,filtered,mean_product,dask,0.023370698000007906,0.021886697000013555,0.03280179399996541,3
medium,filtered,mean_product,joblib-pandas,0.014507385000001705,0.013864502000046741,0.015957775000060792,3
medium,filtered,mean_product,pandas,0.005834856999967997,0.0053078500000083295,0.013156195999954434,3
medium,filtered,mean_sum,dask,0.02073200799998176,0.01853599999992639,0.02271093399997426,3
medium,filtered,mean_sum,joblib-pandas,0.014370998000003965,0.014322947999971802,0.0183141649999925,3
medium,filtered,mean_sum,pandas,0.005147512999997161,0.00481511300006332,0.005786015000012412,3
medium,filtered,product_columns,dask,0.018474039000011544,0.01775909799994224,0.019588439000017388,3
medium,filtered,product_columns,joblib-pandas,0.014017827999964538,0.013659219000032863,0.014093614000103116,3
medium,filtered,product_columns,pandas,0.006712471000014375,0.005090398999982426,0.007282292000013513,3
medium,filtered,std,dask,0.021819303000029322,0.017090335999910167,0.023730309000029592,3
medium,filtered,std,joblib-pandas,0.01730038499999864,0.0147039500000119,0.019312352999918403,3
medium,filtered,std,pandas,0.00576005699997495,0.0056201400000190915,0.00700889899997037,3
medium,filtered,sum_columns,dask,0.016365745000030074,0.016341850000003433,0.016825315000005503,3
medium,filtered,sum_columns,joblib-pandas,0.01414404399997693,0.013599290999991354,0.014392035000014403,3
medium,filtered,sum_columns,pandas,0.005011021999962395,0.005002919999924416,0.006161318999943433,3
medium,filtered,value_counts,dask,0.02292560199998661,0.02105455899993558,0.026393381999923804,3
medium,filtered,value_counts,joblib-pandas,0.015573688000017682,0.015358746999936557,0.04365127500000199,3
medium,filtered,value_counts,pandas,0.006680834999997387,0.005878542000004927,0.008079126999973596,3
medium,filtered_cached,count,dask,0.0030921459999717626,0.0030034540000087873,0.00329969299991717,3
medium,filtered_cached,count,joblib-pandas,1.312900008088036e-05,1.2178000019957835e-05,4.090999993877631e-05,3
medium,filtered_cached,count,pandas,1.121599996167788e-05,1.1185999937879387e-05,1.155699999344506e-05,3
medium,filtered_cached,count_index,dask,0.002868225000042912,0.0021758430000318185,0.006475281000007271,3
medium,filtered_cached,count_index,joblib-pandas,1.2668999943343806e-05,1.2437999998837768e-05,1.4521999901262461e-05,3
medium,filtered_cached,count_index,pandas,1.1846999996123486e-05,1.1297000014565128e-05,1.6134000020429085e-05,3
medium,filtered_cached,groupby,dask,0.024902741000005335,0.02313660200002232,0.02606682999999066,3
medium,filtered_cached,groupby,joblib-pandas,0.002357727999992676,0.002278369999999086,0.0026717319999534084,3
medium,filtered_cached,groupby,pandas,0.0024270600000591003,0.002263789000039651,0.002447640000013962,3
medium,filtered_cached,join,dask,0.008533671000009235,0.008055594999973437,0.008589512999947146,3
medium,filtered_cached,join,joblib-pandas,0.001183435000029931,0.000992313000097056,0.0014499979999982315,3
medium,filtered_cached,join,pandas,0.0016885409999076728,0.0015995890000795043,0.0026938639999798397,3
medium,filtered_cached,join_count,dask,0.01406821199998376,0.011169062000021768,0.01594187000000602,3
medium,filtered_cached,join_count,joblib-pandas,0.0011260009999887188,0.0011033970000653426,0.001196815000071183,3
medium,filtered_cached,join_count,pandas,0.001090689000079692,0.0009578829999554728,0.0013855840001042452,3
medium,filtered_cached,mean,dask,0.004466445000048225,0.004439886000000115,0.00518656799999917,3
medium,filtered_cached,mean,joblib-pandas,0.00018363999993198377,0.00017823300004238263,0.000204312000050777,3
medium,filtered_cached,mean,pandas,0.0002085080000142625,0.00019785199992838898,0.00021523700002035184,3
medium,filtered_cached,mean_product,dask,0.007317264999983308,0.006132315000058952,0.007736338000086107,3
medium,filtered_cached,mean_product,joblib-pandas,0.00035169899990705744,0.0003329709999206898,0.0004648750000342261,3
medium,filtered_cached,mean_product,pandas,0.00039013599996451376,0.0003329310000026453,0.00042800099993201,3
medium,filtered_cached,mean_sum,dask,0.00780786900008934,0.006751608999934433,0.008290580999982922,3
medium,filtered_cached,mean_sum,joblib-pandas,0.0003434860000197659,0.00032770400002846145,0.00036986500003877154,3
medium,filtered_cached,mean_sum,pandas,0.0004676500000186934,0.0003372979999767267,0.0004804090000334327,3
medium,filtered_cached,product_columns,dask,0.004160298000101648,0.004115516999945612,0.004479524000089441,3
medium,filtered_cached,product_columns,joblib-pandas,0.00026816599995527213,0.00024699400000827154,0.0002944950000483004,3
medium,filtered_cached,product_columns,pandas,0.0002806339999779084,0.00023959300006026751,0.00029251099999783037,3
medium,filtered_cached,std,dask,0.0042452779999848644,0.003622528999926544,0.004639580999992177,3
medium,filtered_cached,std,joblib-pandas,0.000328595000041787,0.0002999829999907888,0.00038230399991334707,3
medium,filtered_cached,std,pandas,0.00034800299999915296,0.00030146500000682863,0.00035279099995477736,3
medium,filtered_cached,sum_columns,dask,0.00430180199998631,0.004024361999995563,0.004637636999973438,3
medium,filtered_cached,sum_columns,joblib-pandas,0.00024143600001025334,0.00023626899996997963,0.00025061999997433304,3
medium,filtered_cached,sum_columns,pandas,0.0002484659999026917,0.00022445100000823004,0.00025775999995403254,3
medium,filtered_cached,value_counts,dask,0.01523442499990324,0.014086710000015046,0.015785233999963566,3
medium,filtered_cached,value_counts,joblib-pandas,0.0005896700000675992,0.0005689889999302977,0.0006123430000570806,3
medium,filtered_cached,value_counts,pandas,0.0006045919999451144,0.0005446740000252248,0.0008303649999561458,3
medium,standard,count,dask,0.005769408999981351,0.0052922849999959,0.006112014999985149,3
medium,standard,count,joblib-pandas,0.013432298999987324,0.013353714000004402,0.01348557799997252,3
medium,standard,count,pandas,0.004169249999904423,0.0040961319999723855,0.00449574100002792,3
medium,standard,count_index,dask,0.012721223999960785,0.010878713000010976,0.01354972700005419,3
medium,standard,count_index,joblib-pandas,0.014627646999997523,0.013785194999968553,0.015433875999974589,3
medium,standard,count_index,pandas,0.004187938000086433,0.004160772999966866,0.004310458000077233,3
medium,standard,groupby,dask,0.03406860500001585,0.03381233799996153,0.04147508200003358,3
medium,standard,groupby,joblib-pandas,0.016882323000004362,0.016770011999938106,0.020037728000033894,3
medium,standard,groupby,pandas,0.007427615999972659,0.007145991000015783,0.007451091999996606,3
medium,standard,join,dask,0.01831034700001055,0.016052643999955762,0.01897527899996021,3
medium,standard,join,joblib-pandas,0.01537037799994323,0.014575831000001926,0.036816578000070876,3
medium,standard,join,pandas,0.005234341000004861,0.004846999000051255,0.006570887999941988,3
medium,standard,join_count,dask,0.02067583999996714,0.019246158999976615,0.02127737800003615,3
medium,standard,join_count,joblib-pandas,0.015082247999998799,0.014650411000047825,0.015187823000019307,3
medium,standard,join_count,pandas,0.006610131999991609,0.006117590000030759,0.008962742999983675,3
medium,standard,mean,dask,0.013892854000005173,0.013507324999977754,0.015137111000058212,3
medium,standard,mean,joblib-pandas,0.014303730000051473,0.01382680500000788,0.015557865000005222,3
medium,standard,mean,pandas,0.0040585670000155005,0.0038755369999989853,0.004358048000085546,3
medium,standard,mean_product,dask,0.014751511999975264,0.014453501999923901,0.015216958999985764,3
medium,standard,mean_product,joblib-pandas,0.014145857000016804,0.013792926000064654,0.01508309400003327,3
medium,standard,mean_product,pandas,0.004672534000064843,0.00425089600003048,0.004888456999992741,3
medium,standard,mean_sum,dask,0.015384606999987227,0.015181095999992067,0.015457223999987946,3
medium,standard,mean_sum,joblib-pandas,0.013852734000010969,0.013569826999969337,0.013992640999958894,3
medium,standard,mean_sum,pandas,0.006831142000010004,0.004814672999941649,0.012509669999985817,3
medium,standard,product_columns,dask,0.01247204599997076,0.01160917199990763,0.013231908000079784,3
medium,standard,product_columns,joblib-pandas,0.013335666999978457,0.013181569000039417,0.014431584000021758,3
medium,standard,product_columns,pandas,0.004397367000024133,0.004354934000048161,0.005022128999939923,3
medium,standard,read_collect,dask,0.012027880000005098,0.011908408999943276,0.013062497999953848,3
medium,standard,read_collect,joblib-pandas,0.013461337000080675,0.013144699000008586,0.013762801999973817,3
medium,standard,read_collect,pandas,0.004438245999949686,0.004281475999960094,0.009340758000007554,3
medium,standard,std,dask,0.013238569000009193,0.012836844999924324,0.015073596999968686,3
medium,standard,std,joblib-pandas,0.013963486999955421,0.013760688000047594,0.014072559000055662,3
medium,standard,std,pandas,0.005677876000049764,0.0048265300000593925,0.011858174000053623,3
medium,standard,sum_columns,dask,0.013519392000034713,0.011721668999939538,0.013558661000047323,3
medium,standard,sum_columns,joblib-pandas,0.014041914000017641,0.013601863999952002,0.014947478999943087,3
medium,standard,sum_columns,pandas,0.0047510590000001685,0.00447582300000704,0.005042809999963538,3
medium,standard,value_counts,dask,0.02028738700005306,0.019207492000077764,0.021307011999965653,3
medium,standard,value_counts,joblib-pandas,0.014123092999966502,0.013580031999936182,0.014243261000046914,3
medium,standard,value_counts,pandas,0.0053591870000673225,0.005302263000089624,0.00929154200002813,3
small,filtered,count,dask,0.013828945000000203,0.013607078000063666,0.015197135999983402,3
small,filtered,count,joblib-pandas,0.012975949000065157,0.012952915000028042,0.018283012999972925,3
small,filtered,count,pandas,0.004060620000018389,0.0036417219999975714,0.004376216000082422,3
small,filtered,count_index,dask,0.01148443399995358,0.011476737999942088,0.013735468000049877,3
small,filtered,count_index,joblib-pandas,0.013092695999944226,0.013053453999987141,0.013164912999968692,3
small,filtered,count_index,pandas,0.003854186000012305,0.0037278889999470266,0.020180390000064108,3
small,filtered,groupby,dask,0.03260128099998383,0.0320822239999643,0.039965926000036234,3
small,filtered,groupby,joblib-pandas,0.01455143800001224,0.014470854000023792,0.015459598000006736,3
small,filtered,groupby,pandas,0.0074146380000001955,0.005270245000019713,0.008791057999928853,3
small,filtered,join,dask,0.014882141000043703,0.01481624300004114,0.01547461600000588,3
small,filtered,join,joblib-pandas,0.013665030999959527,0.013660733999927288,0.014985113999955502,3
small,filtered,join,pandas,0.005136478000054012,0.004481882000050064,0.0051471830000764385,3
small,filtered,join_count,dask,0.021422586999960913,0.019418728000005103,0.022121519000052103,3
small,filtered,join_count,joblib-pandas,0.013967557000000852,0.013616888999990806,0.014560031000087292,3
small,filtered,join_count,pandas,0.004945274999954563,0.0048583970000208865,0.0072455480000144235,3
small,filtered,mean,dask,0.01438364500006628,0.012976918000049409,0.015766486999950757,3
small,filtered,mean,joblib-pandas,0.013703907000035542,0.013428662000023905,0.014409123000064028,3
small,filtered,mean,pandas,0.004383307000011882,0.003906202000052872,0.0071485450000636774,3
small,filtered,mean_product,dask,0.01439383000001726,0.014226833000066108,0.016062543999964873,3
small,filtered,mean_product,joblib-pandas,0.013423930000044493,0.013346781000109331,0.014648835999992116,3
small,filtered,mean_product,pandas,0.004335571000069649,0.0039625749999459,0.005164960000001884,3
small,filtered,mean_sum,dask,0.018729951999944205,0.015145699999948192,0.01944976400000087,3
small,filtered,mean_sum,joblib-pandas,0.013267092999967645,0.013014296000051218,0.014667843999973229,3
small,filtered,mean_sum,pandas,0.0035485740000922306,0.0034123740000495673,0.004448192000040763,3
small,filtered,product_columns,dask,0.011920469000074263,0.011509490999969785,0.01225187799991545,3
small,filtered,product_columns,joblib-pandas,0.013043794000054731,0.012929555000027904,0.013978574000020672,3
small,filtered,product_columns,pandas,0.004366261000086524,0.004193446000044787,0.00504848800005675,3
small,filtered,std,dask,0.014869451999970806,0.013714196000023549,0.019285131000060574,3
small,filtered,std,joblib-pandas,0.013010975999918628,0.012989943999969,0.013198751999993874,3
small,filtered,std,pandas,0.003737073000024793,0.003705055000068569,0.0038009769999689524,3
small,filtered,sum_columns,dask,0.012608715000055781,0.012207321999994747,0.013241377999975157,3
small,filtered,sum_columns,joblib-pandas,0.014400018999936037,0.013219483000057153,0.014543902000013986,3
small,filtered,sum_columns,pandas,0.00471980200006783,0.0037756899999976667,0.005276384000012513,3
small,filtered,value_counts,dask,0.019114820000027066,0.018978608999987046,0.021421765000013693,3
small,filtered,value_counts,joblib-pandas,0.013421210000046813,0.013240393999922162,0.015948298000012073,3
small,filtered,value_counts,pandas,0.0036403599999630387,0.0035948130000633682,0.004099186999951598,3
small,filtered_cached,count,dask,0.0032325299999911294,0.0030623599999444195,0.003689394999923934,3
small,filtered_cached,count,joblib-pandas,1.1116999985461007e-05,1.0405000011814991e-05,1.113600001190207e-05,3
small,filtered_cached,count,pandas,1.187700001992198e-05,1.0644999974829261e-05,1.4761999977963569e-05,3
small,filtered_cached,count_index,dask,0.0024471220000350513,0.002328816999920491,0.002847020999979577,3
small,filtered_cached,count_index,joblib-pandas,9.434000048713642e-06,8.823000030133699e-06,1.411000005191454e-05,3
small,filtered_cached,count_index,pandas,1.0654999982762092e-05,1.055500001712062e-05,1.154699998551223e-05,3
small,filtered_cached,groupby,dask,0.02295762599999307,0.022864212999934352,0.0231379779999088,3
small,filtered_cached,groupby,joblib-pandas,0.001792725000086648,0.001705275999938749,0.001958109000042896,3
small,filtered_cached,groupby,pandas,0.0018306810000012774,0.0017015499998933592,0.0019297970000025089,3
small,filtered_cached,join,dask,0.007626064000078259,0.006492736999916815,0.007795874999942498,3
small,filtered_cached,join,joblib-pandas,0.001018162000036682,0.0009996449999789547,0.0011387600000034581,3
small,filtered_cached,join,pandas,0.0010524829999667418,0.0010240410000506017,0.0011926890000495405,3
small,filtered_cached,join_count,dask,0.010955874000046606,0.010516385999949307,0.011848692999933519,3
small,filtered_cached,join_count,joblib-pandas,0.0011072329999706199,0.0011028870000018287,0.0013462260000096649,3
small,filtered_cached,join_count,pandas,0.0010377710000284424,0.000937692999968931,0.001471790999971745,3
small,filtered_cached,mean,dask,0.0037667479999754505,0.0037336189999450653,0.003925183000092147,3
small,filtered_cached,mean,joblib-pandas,0.00017464699999436561,0.00017203399988829915,0.0002375299999357594,3
small,filtered_cached,mean,pandas,0.0001864850000856677,0.00018619499996930244,0.00018935999992208963,3
small,filtered_cached,mean_product,dask,0.004475705000004382,0.004256371999986186,0.004582954000056816,3
small,filtered_cached,mean_product,joblib-pandas,0.00040651000006164395,0.00035119799997573864,0.0005994650000502588,3
small,filtered_cached,mean_product,pandas,0.0004722669999637219,0.0003934510000362934,0.0005743980000261217,3
small,filtered_cached,mean_sum,dask,0.004983395000067503,0.004199427999992622,0.005160245000070063,3
small,filtered_cached,mean_sum,joblib-pandas,0.00030360800008111255,0.00027996299991173146,0.0003306479999309886,3
small,filtered_cached,mean_sum,pandas,0.0003408129999797893,0.0003217549999590119,0.0004126390000465108,3
small,filtered_cached,product_columns,dask,0.002218474999949649,0.0021527480000713695,0.0024755850000701685,3
small,filtered_cached,product_columns,joblib-pandas,0.0003213140000752901,0.00024580199999491015,0.00032214500004101865,3
small,filtered_cached,product_columns,pandas,0.00022385099998700753,0.00020893800001431373,0.00022653400003491697,3
small,filtered_cached,std,dask,0.0032455799999979718,0.0029453860000785426,0.0037396090000356708,3
small,filtered_cached,std,joblib-pandas,0.00023749100000713952,0.00021622899998874345,0.00023904299996502232,3
small,filtered_cached,std,pandas,0.0002604139999675681,0.00024704399993424886,0.0002623880000101053,3
small,filtered_cached,sum_columns,dask,0.0022111229999381976,0.002127670000049875,0.002513198999963606,3
small,filtered_cached,sum_columns,joblib-pandas,0.00033481399998436245,0.00023698899997270928,0.0003513480000947311,3
small,filtered_cached,sum_columns,pandas,0.00023356400004104216,0.00021418599999378785,0.00023958299993864784,3
small,filtered_cached,value_counts,dask,0.008434392000026492,0.00824751599998308,0.008522971999923357,3
small,filtered_cached,value_counts,joblib-pandas,0.0004539189999377413,0.0004405710000128238,0.0005623900000273352,3
small,filtered_cached,value_counts,pandas,0.00042867199999818695,0.0004071409999824027,0.00045434000003297115,3
small,standard,count,dask,0.006399912000006225,0.005327018999992106,0.007052865999980895,3
small,standard,count,joblib-pandas,0.012336731000004875,0.012138719000063247,0.01406614199993328,3
small,standard,count,pandas,0.0030789319999939835,0.002980926999953226,0.0034453929999926913,3
small,standard,count_index,dask,0.008481663999987177,0.007938851000062641,0.011611732999995183,3
small,standard,count_index,joblib-pandas,0.012563064999994822,0.012387935999981892,0.012630454000031932,3
small,standard,count_index,pandas,0.003499903000033555,0.0028406600000607796,0.00452320299996245,3
small,standard,groupby,dask,0.031001916999912282,0.030423093999957018,0.03133773399997608,3
small,standard,groupby,joblib-pandas,0.014268731000015578,0.014064268999959495,0.014562494999950104,3
small,standard,groupby,pandas,0.004745850999938739,0.0047007340000391196,0.005060926000055588,3
small,standard,join,dask,0.012827555000058055,0.01220961800004261,0.012898408999944877,3
small,standard,join,joblib-pandas,0.013646253000047182,0.013163630999997622,0.013917381999931422,3
small,standard,join,pandas,0.0038032710000379666,0.003790643000002092,0.004808804000049349,3
small,standard,join_count,dask,0.020972151000023587,0.018049939000093218,0.022605250000083288,3
small,standard,join_count,joblib-pandas,0.014170004000106928,0.013752436999993733,0.018921858999988217,3
small,standard,join_count,pandas,0.004007311999998819,0.0037015110000311324,0.004042343000037363,3
small,standard,mean,dask,0.01022530500006269,0.009759518000009848,0.011349413999937497,3
small,standard,mean,joblib-pandas,0.01294948400004614,0.012901618999990205,0.01498322499992355,3
small,standard,mean,pandas,0.003500904000020455,0.0034102999999277017,0.0036037859999851207,3
small,standard,mean_product,dask,0.012359765000041989,0.010960250000039196,0.012501783999937288,3
small,standard,mean_product,joblib-pandas,0.013058845000045949,0.012866485000017747,0.013082463999921856,3
small,standard,mean_product,pandas,0.003786566000030689,0.00353916599999593,0.0039958749999868814,3
small,standard,mean_sum,dask,0.011021289000041179,0.010229822999917815,0.011898323999957938,3
small,standard,mean_sum,joblib-pandas,0.012688497999988613,0.012586307999981727,0.012775065999903745,3
small,standard,mean_sum,pandas,0.003054657000006955,0.00293426799998997,0.005720880000012585,3
small,standard,product_columns,dask,0.009977079000009326,0.008323058999962996,0.011740271000007851,3
small,standard,product_columns,joblib-pandas,0.013460431999988032,0.012807738999981666,0.01364921599997615,3
small,standard,product_columns,pandas,0.0033003890000600222,0.0032095550000121875,0.0034839190000184317,3
small,standard,read_collect,dask,0.010780664999970213,0.008665134000011676,0.013488779999988765,3
small,standard,read_collect,joblib-pandas,0.012433948000079909,0.01209734099995785,0.012547196000014083,3
small,standard,read_collect,pandas,0.003177277999952821,0.002741433999972287,0.003317714999980126,3
small,standard,std,dask,0.011173353999993196,0.010321837999981653,0.01155665900000713,3
small,standard,std,joblib-pandas,0.012847743000065748,0.012717371000007915,0.013347159000090869,3
small,standard,std,pandas,0.003354690000037408,0.0029161819999217187,0.004013110000073539,3
small,standard,sum_columns,dask,0.00877030799995282,0.008698624000089694,0.00889442200002577,3
small,standard,sum_columns,joblib-pandas,0.01331818200003454,0.01284405700005209,0.017048283999997693,3
small,standard,sum_columns,pandas,0.0039189860000306,0.003607833000046412,0.00718768399997316,3
small,standard,value_counts,dask,0.016928474000110327,0.015473758999974052,0.017043175000026167,3
small,standard,value_counts,joblib-pandas,0.01275094999994053,0.012635348999992857,0.013068699000086781,3
small,standard,value_counts,pandas,0.00309565699990344,0.002994447000105538,0.003262963999986823,3
